YEAR,  JAN,   FEB,   MAR,   APR,   MAY,   JUN,   JUL,   AUG,   SEP,   OCT,   NOV,   DEC

1992, 0.745, 0.796, 0.893, 0.929, 0.986, 0.932, 0.912, 0.995, 0.910, 1.003, 1.187, 1.721
1993, 0.753, 0.764, 0.891, 0.933, 0.978, 0.937, 0.926, 0.985, 0.915, 0.999, 1.179, 1.727
1994, 0.750, 0.767, 0.915, 0.919, 0.964, 0.949, 0.927, 0.984, 0.922, 0.992, 1.170, 1.731
1995, 0.747, 0.774, 0.906, 0.931, 0.965, 0.962, 0.929, 0.990, 0.928, 0.978, 1.164, 1.703
1996, 0.752, 0.812, 0.924, 0.915, 0.983, 0.966, 0.921, 1.013, 0.907, 0.980, 1.169, 1.642
1997, 0.773, 0.793, 0.942, 0.899, 1.001, 0.957, 0.929, 1.010, 0.899, 0.985, 1.155, 1.611
1998, 0.793, 0.803, 0.914, 0.933, 1.003, 0.957, 0.937, 0.989, 0.907, 0.990, 1.139, 1.595
1999, 0.802, 0.809, 0.935, 0.928, 1.000, 0.958, 0.949, 0.979, 0.909, 0.981, 1.135, 1.590
2000, 0.806, 0.840, 0.936, 0.950, 0.987, 0.969, 0.942, 0.986, 0.914, 0.958, 1.139, 1.588
2001, 0.803, 0.822, 0.949, 0.942, 0.990, 0.973, 0.935, 0.999, 0.904, 0.956, 1.141, 1.560
2002, 0.816, 0.833, 0.973, 0.916, 0.997, 0.965, 0.939, 1.013, 0.890, 0.964, 1.138, 1.524
2003, 0.832, 0.844, 0.944, 0.940, 1.008, 0.955, 0.945, 1.011, 0.886, 0.974, 1.123, 1.503
2004, 0.850, 0.884, 0.932, 0.955, 1.001, 0.953, 0.965, 0.977, 0.901, 0.984, 1.102, 1.505
2005, 0.852, 0.860, 0.962, 0.939, 0.989, 0.961, 0.962, 0.975, 0.907, 0.976, 1.100, 1.507
2006, 0.850, 0.863, 0.946, 0.960, 0.990, 0.971, 0.958, 0.982, 0.913, 0.960, 1.105, 1.485
2007, 0.855, 0.865, 0.963, 0.944, 0.997, 0.980, 0.949, 0.996, 0.907, 0.955, 1.111, 1.456
2008, 0.862, 0.905, 0.979, 0.919, 1.021, 0.965, 0.953, 1.012, 0.892, 0.965, 1.110, 1.415
2009, 0.881, 0.879, 0.946, 0.952, 1.018, 0.964, 0.962, 0.994, 0.902, 0.977, 1.096, 1.405
2010, 0.877, 0.887, 0.966, 0.947, 1.009, 0.965, 0.973, 0.984, 0.909, 0.975, 1.091, 1.400
2011, 0.871, 0.892, 0.960, 0.971, 0.994, 0.972, 0.972, 0.984, 0.920, 0.971, 1.087, 1.399
2012, 0.861, 0.923, 0.987, 0.952, 0.997, 0.986, 0.956, 1.003, 0.923, 0.960, 1.098, 1.365
2013, 0.866, 0.894, 1.010, 0.926, 1.009, 0.982, 0.959, 1.020, 0.915, 0.969, 1.102, 1.329
2014, 0.875, 0.892, 0.978, 0.950, 1.024, 0.972, 0.968, 1.024, 0.911, 0.981, 1.095, 1.310
2015, 0.890, 0.887, 0.979, 0.945, 1.023, 0.972, 0.981, 1.008, 0.922, 0.996, 1.080, 1.301
2016, 0.891, 0.912, 0.994, 0.949, 1.004, 0.979, 0.993, 0.998, 0.931, 0.989, 1.075, 1.318
2017, 0.877, 0.877, 0.977, 0.971, 1.003, 0.988, 0.989, 1.006, 0.938, 0.978, 1.081, 1.308
2018, 0.875, 0.870, 1.015, 0.936, 1.013, 0.996, 0.980, 1.017, 0.933, 0.977, 1.088, 1.292
2019, 0.878, 0.863, 0.986, 0.961, 1.026, 0.993, 0.981, 1.033, 0.923, 0.986, 1.090, 1.262
2020, 0.886, 0.898, 0.964, 0.970, 1.041, 0.983, 0.995, 1.014, 0.933, 1.013, 1.066, 1.246
2021, 0.897, 0.860, 0.976, 0.966, 1.036, 0.985, 1.006, 1.007, 0.940, 1.016, 1.056, 1.241
2022, 0.895, 0.863, 0.962, 0.990, 1.025, 0.993, 1.003, 1.008, 0.950, 1.010, 1.049, 1.247
2023, 0.888, 0.865, 0.971, 0.984, 1.021, 0.999, 0.999, 1.015, 0.957, 0.997, 1.051, 1.241
2024, 0.890, 0.899, 1.009, 0.941, 1.031, 0.997, 0.986, 1.037, 0.939, 0.999, 1.062, 1.216
2025, 0.904, 0.870, 0.977, 0.963, 1.040, 0.985, 0.993, 1.035, 0.933, 1.008, 1.057, 1.214
2026, 0.920, 0.872, 0.979, 0.957, 1.038, 0.980, 1.001, 1.015, 0.943, 1.021, 1.045, 1.220
2027, 0.918, 0.873, 0.990, 0.951, 1.030, 0.979, 1.013, 1.004, 0.947, 1.019,,,,,